{
  "classification": {
    "accuracy": 81.52686145146089,
    "macro_f1": 54.52568761483878,
    "weighted_f1": 81.46470266566322
  },
  "bleu": {
    "bleu1": 83.79205995060242,
    "bleu2": 35.820626172957205,
    "bleu3": 24.565063428845583,
    "bleu4": 19.23330903635666
  },
  "rouge": {
    "rouge1": 84.41835104888827,
    "rouge2": 15.89033649354102,
    "rougeL": 84.07891040784537
  },
  "meteor": {
    "meteor": 48.5577194342739
  },
  "bertscore": {
    "bertscore_precision": 96.74457907676697,
    "bertscore_recall": 96.74800634384155,
    "bertscore_f1": 96.73573970794678
  },
  "exact_match": {
    "exact_match": 81.52686145146089
  },
  "by_type": {
    "OPEN": {
      "accuracy": 80.15503875968992,
      "f1": 53.984395218637694,
      "exact_match": 80.15503875968992,
      "count": 645
    },
    "CLOSED": {
      "accuracy": 83.65384615384616,
      "f1": 64.74507972174553,
      "exact_match": 83.65384615384616,
      "count": 416
    }
  }
}