{
  "timestamp": "20251218_204122",
  "best_hyperparameters": {
    "best_params": {
      "embed_dim": 512,
      "lstm_hidden": 512,
      "lstm_num_layers": 2,
      "lstm_dropout": 0.18002692399577636,
      "pooling_strategy": "mean",
      "attention_heads": 4,
      "fusion_dim": 1024,
      "fusion_dropout": 0.26747884120423054,
      "batch_size": 16,
      "learning_rate": 7.560676161561469e-05,
      "weight_decay": 4.62137155906234e-06,
      "scheduler_step_size": 15,
      "scheduler_gamma": 0.6862778301767893
    },
    "best_value": 81.76638176638177,
    "best_trial": 11
  },
  "best_epoch": 44,
  "best_val_acc": 84.23551756885091,
  "test_results": {
    "overall_accuracy": 81.52686145146089,
    "overall_correct": 865,
    "overall_total": 1061,
    "type_accuracies": {
      "CLOSED": 83.65384615384616,
      "OPEN": 80.15503875968992
    },
    "type_stats": {
      "CLOSED": {
        "accuracy": 83.65384615384616,
        "correct": 348,
        "total": 416
      },
      "OPEN": {
        "accuracy": 80.15503875968992,
        "correct": 517,
        "total": 645
      }
    }
  },
  "training_history": {
    "train_loss": [
      2.657197733204086,
      1.5317692015465203,
      1.2340982871783244,
      1.0505335548674906,
      0.9162766080011021,
      0.8140685519130973,
      0.7443045424176501,
      0.6708091448557068,
      0.6052283422610203,
      0.5580294772547174,
      0.5180392066718309,
      0.48212966022940423,
      0.4417268495716445,
      0.41256310949222996,
      0.3784082934695792,
      0.3232910375461563,
      0.3003176629978728,
      0.2771426593316356,
      0.2527286421761594,
      0.22887562492608346,
      0.22432579111622333,
      0.2099617736160078,
      0.19149150251253666,
      0.17378808461226425,
      0.16982670431025326,
      0.15441536776382814,
      0.13607662240067472,
      0.13137575689183137,
      0.12082549359334947,
      0.11526217037969112,
      0.0919666215928586,
      0.08324022965003773,
      0.08052454197434587,
      0.0838522747349502,
      0.06460322400512682,
      0.06560448783467972,
      0.05587415408808738,
      0.05524640205140867,
      0.06241084559058601,
      0.058015188732178424,
      0.05289643120577003,
      0.049286666989187385,
      0.04933644416999047,
      0.04121645469318277,
      0.043035585766615855,
      0.033392484891742416,
      0.030098297601859024,
      0.032550340966629954,
      0.03161170383818544,
      0.03302108663415488,
      0.030291412132656105,
      0.027157355779509798,
      0.02525671244169549,
      0.026612235385132348,
      0.024488789714304366,
      0.023729718839084462,
      0.023421633360051708,
      0.022381617087045346,
      0.021372242949754847
    ],
    "train_acc": [
      45.9036389510063,
      61.699532425289696,
      67.94063834112625,
      71.41695466558244,
      75.15755234803822,
      77.3937792234194,
      78.59321000203293,
      80.64647286033747,
      82.88269973571865,
      84.18377719048587,
      85.30189062817647,
      85.4848546452531,
      86.84692010571254,
      87.9447042081724,
      88.94084163447856,
      90.68916446432202,
      91.6446432201667,
      92.37649928847327,
      93.39296605001016,
      94.02317544216304,
      94.04350477739378,
      94.36877414108558,
      95.30392356169953,
      95.81215694246798,
      95.77149827200651,
      96.23907298231347,
      96.70664769262045,
      97.35718642000407,
      97.39784509046554,
      97.37751575523481,
      98.31266517584875,
      98.53628786338686,
      98.49562919292539,
      98.37365318154096,
      99.08517991461679,
      98.96320390323237,
      99.18682659077048,
      99.32913193738565,
      98.90221589754015,
      99.10550924984753,
      99.16649725553974,
      99.04452124415532,
      99.34946127261638,
      99.59341329538525,
      99.32913193738565,
      99.75604797723115,
      99.69505997153892,
      99.53242528969302,
      99.6747306363082,
      99.47143728400081,
      99.63407196584672,
      99.7357186420004,
      99.69505997153892,
      99.77637731246189,
      99.75604797723115,
      99.71538930676967,
      99.65440130107746,
      99.75604797723115,
      99.75604797723115
    ],
    "val_loss": [
      1.5739323289105387,
      1.2131628999204347,
      1.0318944029735797,
      0.8500163108110428,
      0.8005604152426575,
      0.7134597116347515,
      0.6598281614256628,
      0.6519455976332679,
      0.6249784953666456,
      0.6399350342425433,
      0.5906274927159151,
      0.5843431969370806,
      0.5796075198291377,
      0.5913711733212976,
      0.619371174721781,
      0.5927087645695517,
      0.5765585079224724,
      0.609497212494413,
      0.5848142796506485,
      0.6018781712645609,
      0.6177657689391212,
      0.6055195775786133,
      0.5964330143267007,
      0.621963112586827,
      0.6438419816726254,
      0.5899955003211895,
      0.6455408618785441,
      0.6348898384691866,
      0.6698630276756982,
      0.666231611588349,
      0.6452007146100655,
      0.6841201982602025,
      0.6794944806412483,
      0.6679719037404566,
      0.6618901788059509,
      0.6719771798163878,
      0.7274162598892652,
      0.7192209396638315,
      0.7639924693644526,
      0.6845886030297895,
      0.7444326179349005,
      0.7430150557986714,
      0.7771708326357784,
      0.7723366033222357,
      0.7708538123988546,
      0.7459414358749972,
      0.7318077037101224,
      0.7627343930723851,
      0.7529572598780787,
      0.7526413453240159,
      0.7770130955331931,
      0.7812066851995152,
      0.7811819411255067,
      0.7890317742165996,
      0.8149833131262285,
      0.789126519503594,
      0.842531398894745,
      0.7995109628197193,
      0.8350787981251029
    ],
    "val_acc": [
      59.16429249762583,
      65.62203228869896,
      69.8005698005698,
      73.31433998100665,
      75.78347578347578,
      77.77777777777777,
      80.24691358024691,
      79.29724596391263,
      80.62678062678063,
      80.24691358024691,
      80.15194681861348,
      81.95631528964863,
      81.29154795821462,
      81.29154795821462,
      81.67141500474834,
      82.71604938271605,
      81.29154795821462,
      82.62108262108262,
      82.2412155745489,
      82.33618233618233,
      83.47578347578347,
      82.2412155745489,
      82.81101614434948,
      82.14624881291547,
      83.09591642924977,
      83.38081671415004,
      82.43114909781576,
      83.09591642924977,
      83.95061728395062,
      83.09591642924977,
      83.5707502374169,
      82.52611585944919,
      83.47578347578347,
      83.00094966761634,
      83.38081671415004,
      83.38081671415004,
      83.09591642924977,
      82.71604938271605,
      83.38081671415004,
      84.14055080721748,
      82.90598290598291,
      83.85565052231719,
      82.81101614434948,
      84.23551756885091,
      83.5707502374169,
      83.95061728395062,
      83.95061728395062,
      83.47578347578347,
      83.19088319088318,
      83.85565052231719,
      83.28584995251661,
      83.5707502374169,
      83.19088319088318,
      83.28584995251661,
      82.90598290598291,
      83.66571699905033,
      83.19088319088318,
      83.5707502374169,
      83.66571699905033
    ],