{
  "classification": {
    "accuracy": 49.198868991517436,
    "macro_f1": 21.804126889750002,
    "weighted_f1": 47.02268888631589
  },
  "bleu": {
    "bleu1": 53.488407960835595,
    "bleu2": 20.619388999934465,
    "bleu3": 14.402003965161503,
    "bleu4": 11.400847682471476
  },
  "rouge": {
    "rouge1": 54.56925154462342,
    "rouge2": 5.396414246555622,
    "rougeL": 54.498222026394785
  },
  "meteor": {
    "meteor": 29.49935693433639
  },
  "bertscore": {
    "bertscore_precision": 90.67515134811401,
    "bertscore_recall": 90.21316170692444,
    "bertscore_f1": 90.4177725315094
  },
  "exact_match": {
    "exact_match": 49.198868991517436
  },
  "by_type": {
    "OPEN": {
      "accuracy": 39.689922480620154,
      "f1": 20.31614053958076,
      "exact_match": 39.689922480620154,
      "count": 645
    },
    "CLOSED": {
      "accuracy": 63.942307692307686,
      "f1": 49.388459962250366,
      "exact_match": 63.942307692307686,
      "count": 416
    }
  }
}