{
  "classification": {
    "accuracy": 75.53722902921772,
    "macro_f1": 36.24241112656301,
    "weighted_f1": 74.6630136886705
  },
  "bleu": {
    "bleu1": 79.73557430625226,
    "bleu2": 32.228286610295747,
    "bleu3": 21.999462986306412,
    "bleu4": 17.61695280073367
  },
  "rouge": {
    "rouge1": 82.01772725989613,
    "rouge2": 12.139607172594918,
    "rougeL": 81.66886154816521
  },
  "meteor": {
    "meteor": 44.75051792878954
  },
  "bertscore": {
    "bertscore_precision": 97.08464241027832,
    "bertscore_recall": 96.93967795372009,
    "bertscore_f1": 96.9957480430603
  },
  "exact_match": {
    "exact_match": 75.53722902921772
  },
  "by_type": {
    "OPEN": {
      "accuracy": 69.52713178294574,
      "f1": 34.06155462763885,
      "exact_match": 69.52713178294574,
      "count": 645
    },
    "CLOSED": {
      "accuracy": 84.85576923076923,
      "f1": 69.29090520932687,
      "exact_match": 84.85576923076923,
      "count": 416
    }
  }
}